{
  "run_dir": "experiments/acoustic_mlp/run_001",
  "candidates": "trainval",
  "k_list": [
    5,
    10,
    20
  ],
  "relevant_quantile": 0.05,
  "beta_cte": 0.25,
  "gamma_ngram": 0.5,
  "ngram_n": 4,
  "seed": 1337,
  "n_queries": 271,
  "n_candidates": 1531,
  "metrics": {
    "P@5": 0.07822878228782279,
    "P@10": 0.07933579335793355,
    "P@20": 0.07527675276752777,
    "R@5": 0.004987999574129357,
    "R@10": 0.010091017613238593,
    "R@20": 0.0191785876941229,
    "NDCG@5": 0.07691760201333832,
    "NDCG@10": 0.07818824795405765,
    "NDCG@20": 0.07566357076157737
  }
}