{
  "run_dir": "experiments/acoustic_mlp/run_001",
  "candidates": "trainval",
  "k_list": [
    5,
    10,
    20
  ],
  "relevant_quantile": 0.05,
  "n_queries": 271,
  "n_candidates": 1531,
  "metrics": {
    "P@5": 0.08191881918819177,
    "R@5": 0.005237069198878877,
    "NDCG@5": 0.08399379541165283,
    "P@10": 0.07416974169741698,
    "R@10": 0.009459972237833182,
    "NDCG@10": 0.07802190544608505,
    "P@20": 0.07361623616236175,
    "R@20": 0.018730610523904383,
    "NDCG@20": 0.07642678330007882
  }
}