model,run_dir,mse,mae,mae_valence,mae_arousal
acoustic_only,experiments/acoustic_mlp/run_001,1.2654139995574951,0.9260268211364746,0.8947188854217529,0.9573347568511963
symbolic_only,experiments/symbolic_lstm/run_001,1.6107776165008545,1.043851613998413,0.9830591678619385,1.1046441793441772
hybrid,experiments/hybrid_lstm_energy/run_001,1.4936047792434692,0.9980390071868896,0.9688940048217773,1.027184009552002
